id,Tg,FFV,Tc,Density,Rg
1109053969,106.4980732489697,0.3696460500233194,0.1953373130933581,1.164722683652767,19.33232467867755
1422188626,162.40941484522915,0.38104048769107435,0.2327383228617591,1.1467927130489595,20.408112473129815
2032016830,92.14086685055352,0.353562492754351,0.2683516136966851,1.1701151097694098,19.274722217695917
